server,check,sdk_family,repository,language,attributable
io.github.FalsifyLab/falsifylab-alpha-mcp,malformed-json,none-handrolled,https://github.com/FalsifyLab/falsifylab-alpha-mcp,Python,true
io.github.Kisyntra/agent-sudo-mcp,malformed-json,none-handrolled,,,false
io.github.WirterNow/agent-bank,malformed-json,official-ts,https://github.com/WirterNow/ai-agent-bank-mcp-server,JavaScript,true
io.github.alvinindra/figma-mcp-rust,malformed-json,none-handrolled,https://github.com/alvinindra/figma-mcp-rust,TypeScript,true
io.github.barneywohl/hugging-bay,malformed-json,none-handrolled,https://github.com/barneywohl/hugging-bay,,false
io.github.blackwell-systems/agent-lsp,malformed-json,none-handrolled,https://github.com/blackwell-systems/agent-lsp,Go,false
io.github.cyanheads/survey-mcp-server,malformed-json,none-handrolled,https://github.com/cyanheads/survey-mcp-server,TypeScript,true
io.github.ej-technologies/jprofiler-mcp,malformed-json,official-ts,https://github.com/ej-technologies/jprofiler-mcp,,false
io.github.goreleaser/mcp,malformed-json,none-handrolled,https://github.com/goreleaser/mcp,Go,false
io.github.mayor-modder/cities2-mcp,malformed-json,none-handrolled,https://github.com/mayor-modder/Cities2-MCP,Python,true
io.github.mreider/better-bear,malformed-json,official-ts,https://github.com/mreider/better-bear,Swift,false
io.github.n0isy/mcp-icon-visual,malformed-json,none-handrolled,https://github.com/n0isy/brain-mcp-icon-visual,Rust,false
io.github.perforce/perforce-agentic-gateway,malformed-json,none-handrolled,https://github.com/perforce/perforce-agentic-gateway,,false
io.github.stackql/stackql-mcp,malformed-json,none-handrolled,https://github.com/stackql/stackql,Go,false
io.github.telsav/flutter-skill,malformed-json,none-handrolled,https://github.com/ai-dashboad/flutter-skill,Dart,false
io.github.w31r4/codex-mcp-go,malformed-json,none-handrolled,https://github.com/w31r4/codex-mcp-go,Go,false
io.github.x7even/cloudcostsmcp,malformed-json,none-handrolled,https://github.com/x7even/cloudcostsmcp,Go,false
